index,stroke_id,motion_type,pen_state,x_mm,y_mm,z_mm,rx_deg,ry_deg,rz_deg,velocity_mm_s,acceleration_mm_s2,blend_radius_mm
0,1,APPROACH,PEN_UP,-44.122,442.641,371.442,-179.07,-0.108,-109.105,18.0,0.0,0.0
1,1,LIFT,PEN_TRANSITION,-44.122,442.641,291.178,-179.07,-0.108,-109.105,18.0,0.0,0.0
2,1,DRAW,PEN_DOWN,-44.122,442.641,291.178,-179.07,-0.108,-109.105,12.0,0.0,2.0
3,1,DRAW,PEN_DOWN,-44.435,443.518,290.814,-179.07,-0.108,-109.105,12.0,0.0,2.0
4,1,DRAW,PEN_DOWN,-44.748,444.395,290.45,-179.07,-0.108,-109.105,12.0,0.0,2.0
5,1,DRAW,PEN_DOWN,-45.061,445.272,290.086,-179.07,-0.108,-109.105,12.0,0.0,2.0
6,1,DRAW,PEN_DOWN,-45.374,446.149,289.721,-179.07,-0.108,-109.105,12.0,0.0,2.0
7,1,DRAW,PEN_DOWN,-45.688,447.026,289.357,-179.07,-0.108,-109.105,12.0,0.0,2.0
8,1,DRAW,PEN_DOWN,-45.812,447.374,289.212,-179.07,-0.108,-109.105,12.0,0.0,0.0
9,1,LIFT,PEN_TRANSITION,-45.812,447.374,371.442,-179.07,-0.108,-109.105,18.0,0.0,0.0
10,2,APPROACH,PEN_UP,-38.201,442.977,371.442,-179.07,-0.108,-109.105,18.0,0.0,0.0
11,2,LIFT,PEN_TRANSITION,-38.201,442.977,291.263,-179.07,-0.108,-109.105,18.0,0.0,0.0
12,2,DRAW,PEN_DOWN,-38.201,442.977,291.263,-179.07,-0.108,-109.105,12.0,0.0,2.0
13,2,DRAW,PEN_DOWN,-37.265,443.244,291.033,-179.07,-0.108,-109.105,12.0,0.0,2.0
14,2,DRAW,PEN_DOWN,-36.329,443.511,290.803,-179.07,-0.108,-109.105,12.0,0.0,2.0
15,2,DRAW,PEN_DOWN,-35.444,443.869,290.511,-179.07,-0.108,-109.105,12.0,0.0,2.0
16,2,DRAW,PEN_DOWN,-34.566,444.242,290.21,-179.07,-0.108,-109.105,12.0,0.0,2.0
17,2,DRAW,PEN_DOWN,-34.049,444.462,290.033,-179.07,-0.108,-109.105,12.0,0.0,0.0
18,2,LIFT,PEN_TRANSITION,-34.049,444.462,371.442,-179.07,-0.108,-109.105,18.0,0.0,0.0
19,3,APPROACH,PEN_UP,-29.696,442.974,371.442,-179.07,-0.108,-109.105,18.0,0.0,0.0
20,3,LIFT,PEN_TRANSITION,-29.696,442.974,291.276,-179.07,-0.108,-109.105,18.0,0.0,0.0
21,3,DRAW,PEN_DOWN,-29.696,442.974,291.276,-179.07,-0.108,-109.105,12.0,0.0,2.0
22,3,DRAW,PEN_DOWN,-30.642,443.192,291.038,-179.07,-0.108,-109.105,12.0,0.0,2.0
23,3,DRAW,PEN_DOWN,-31.589,443.409,290.8,-179.07,-0.108,-109.105,12.0,0.0,2.0
24,3,DRAW,PEN_DOWN,-32.471,443.786,290.531,-179.07,-0.108,-109.105,12.0,0.0,2.0
25,3,DRAW,PEN_DOWN,-33.17,444.332,290.305,-179.07,-0.108,-109.105,12.0,0.0,2.0
26,3,DRAW,PEN_DOWN,-33.303,445.321,290.242,-179.07,-0.108,-109.105,12.0,0.0,2.0
27,3,DRAW,PEN_DOWN,-33.436,446.31,290.18,-179.07,-0.108,-109.105,12.0,0.0,2.0
28,3,DRAW,PEN_DOWN,-33.568,447.299,290.117,-179.07,-0.108,-109.105,12.0,0.0,2.0
29,3,DRAW,PEN_DOWN,-33.701,448.288,290.055,-179.07,-0.108,-109.105,12.0,0.0,2.0
30,3,DRAW,PEN_DOWN,-33.689,449.279,290.077,-179.07,-0.108,-109.105,12.0,0.0,2.0
31,3,DRAW,PEN_DOWN,-33.583,450.27,290.154,-179.07,-0.108,-109.105,12.0,0.0,2.0
32,3,DRAW,PEN_DOWN,-33.477,451.261,290.231,-179.07,-0.108,-109.105,12.0,0.0,2.0
33,3,DRAW,PEN_DOWN,-33.371,452.252,290.308,-179.07,-0.108,-109.105,12.0,0.0,2.0
34,3,DRAW,PEN_DOWN,-33.258,453.242,290.384,-179.07,-0.108,-109.105,12.0,0.0,2.0
35,3,DRAW,PEN_DOWN,-32.964,454.196,290.44,-179.07,-0.108,-109.105,12.0,0.0,2.0
36,3,DRAW,PEN_DOWN,-32.67,455.15,290.496,-179.07,-0.108,-109.105,12.0,0.0,2.0
37,3,DRAW,PEN_DOWN,-32.376,456.104,290.552,-179.07,-0.108,-109.105,12.0,0.0,2.0
38,3,DRAW,PEN_DOWN,-32.083,457.058,290.607,-179.07,-0.108,-109.105,12.0,0.0,2.0
39,3,DRAW,PEN_DOWN,-31.789,458.012,290.663,-179.07,-0.108,-109.105,12.0,0.0,2.0
40,3,DRAW,PEN_DOWN,-30.991,458.532,290.709,-179.07,-0.108,-109.105,12.0,0.0,2.0
41,3,DRAW,PEN_DOWN,-30.09,458.964,290.754,-179.07,-0.108,-109.105,12.0,0.0,2.0
42,3,DRAW,PEN_DOWN,-29.181,459.366,290.757,-179.07,-0.108,-109.105,12.0,0.0,2.0
43,3,DRAW,PEN_DOWN,-28.233,459.635,290.586,-179.07,-0.108,-109.105,12.0,0.0,2.0
44,3,DRAW,PEN_DOWN,-27.285,459.904,290.416,-179.07,-0.108,-109.105,12.0,0.0,2.0
45,3,DRAW,PEN_DOWN,-26.35,459.83,290.246,-179.07,-0.108,-109.105,12.0,0.0,2.0
46,3,DRAW,PEN_DOWN,-25.425,459.488,290.078,-179.07,-0.108,-109.105,12.0,0.0,2.0
47,3,DRAW,PEN_DOWN,-24.797,458.872,289.968,-179.07,-0.108,-109.105,12.0,0.0,2.0
48,3,DRAW,PEN_DOWN,-24.551,457.903,289.933,-179.07,-0.108,-109.105,12.0,0.0,2.0
49,3,DRAW,PEN_DOWN,-24.305,456.934,289.898,-179.07,-0.108,-109.105,12.0,0.0,2.0
50,3,DRAW,PEN_DOWN,-24.059,455.965,289.863,-179.07,-0.108,-109.105,12.0,0.0,2.0
51,3,DRAW,PEN_DOWN,-23.813,454.996,289.828,-179.07,-0.108,-109.105,12.0,0.0,2.0
52,3,DRAW,PEN_DOWN,-23.595,454.023,289.801,-179.07,-0.108,-109.105,12.0,0.0,2.0
53,3,DRAW,PEN_DOWN,-23.521,453.026,289.816,-179.07,-0.108,-109.105,12.0,0.0,2.0
54,3,DRAW,PEN_DOWN,-23.447,452.029,289.831,-179.07,-0.108,-109.105,12.0,0.0,2.0
55,3,DRAW,PEN_DOWN,-23.373,451.032,289.846,-179.07,-0.108,-109.105,12.0,0.0,2.0
56,3,DRAW,PEN_DOWN,-23.3,450.035,289.862,-179.07,-0.108,-109.105,12.0,0.0,2.0
57,3,DRAW,PEN_DOWN,-23.226,449.038,289.877,-179.07,-0.108,-109.105,12.0,0.0,2.0
58,3,DRAW,PEN_DOWN,-23.293,448.042,289.932,-179.07,-0.108,-109.105,12.0,0.0,2.0
59,3,DRAW,PEN_DOWN,-23.368,447.046,289.989,-179.07,-0.108,-109.105,12.0,0.0,2.0
60,3,DRAW,PEN_DOWN,-23.444,446.051,290.046,-179.07,-0.108,-109.105,12.0,0.0,2.0
61,3,DRAW,PEN_DOWN,-23.519,445.056,290.103,-179.07,-0.108,-109.105,12.0,0.0,2.0
62,3,DRAW,PEN_DOWN,-23.769,444.188,290.215,-179.07,-0.108,-109.105,12.0,0.0,2.0
63,3,DRAW,PEN_DOWN,-24.622,443.761,290.515,-179.07,-0.108,-109.105,12.0,0.0,2.0
64,3,DRAW,PEN_DOWN,-25.517,443.432,290.798,-179.07,-0.108,-109.105,12.0,0.0,2.0
65,3,DRAW,PEN_DOWN,-26.451,443.194,291.065,-179.07,-0.108,-109.105,12.0,0.0,2.0
66,3,DRAW,PEN_DOWN,-27.323,442.971,291.314,-179.07,-0.108,-109.105,12.0,0.0,0.0
67,3,LIFT,PEN_TRANSITION,-27.323,442.971,371.442,-179.07,-0.108,-109.105,18.0,0.0,0.0
68,4,APPROACH,PEN_UP,-22.95,444.452,371.442,-179.07,-0.108,-109.105,18.0,0.0,0.0
69,4,LIFT,PEN_TRANSITION,-22.95,444.452,290.064,-179.07,-0.108,-109.105,18.0,0.0,0.0
70,4,DRAW,PEN_DOWN,-22.95,444.452,290.064,-179.07,-0.108,-109.105,12.0,0.0,2.0
71,4,DRAW,PEN_DOWN,-22.077,444.069,290.366,-179.07,-0.108,-109.105,12.0,0.0,2.0
72,4,DRAW,PEN_DOWN,-21.204,443.687,290.668,-179.07,-0.108,-109.105,12.0,0.0,2.0
73,4,DRAW,PEN_DOWN,-20.293,443.38,290.936,-179.07,-0.108,-109.105,12.0,0.0,2.0
74,4,DRAW,PEN_DOWN,-19.365,443.108,291.19,-179.07,-0.108,-109.105,12.0,0.0,2.0
75,4,DRAW,PEN_DOWN,-18.898,442.971,291.318,-179.07,-0.108,-109.105,12.0,0.0,0.0
76,4,LIFT,PEN_TRANSITION,-18.898,442.971,371.442,-179.07,-0.108,-109.105,18.0,0.0,0.0
77,5,APPROACH,PEN_UP,-13.211,443.985,371.442,-179.07,-0.108,-109.105,18.0,0.0,0.0
78,5,LIFT,PEN_TRANSITION,-13.211,443.985,289.752,-179.07,-0.108,-109.105,18.0,0.0,0.0
79,5,DRAW,PEN_DOWN,-13.211,443.985,289.752,-179.07,-0.108,-109.105,12.0,0.0,2.0
80,5,DRAW,PEN_DOWN,-13.819,444.778,289.717,-179.07,-0.108,-109.105,12.0,0.0,2.0
81,5,DRAW,PEN_DOWN,-14.308,445.638,289.714,-179.07,-0.108,-109.105,12.0,0.0,2.0
82,5,DRAW,PEN_DOWN,-14.666,446.571,289.748,-179.07,-0.108,-109.105,12.0,0.0,2.0
83,5,DRAW,PEN_DOWN,-14.675,447.556,289.877,-179.07,-0.108,-109.105,12.0,0.0,2.0
84,5,DRAW,PEN_DOWN,-14.547,448.518,290.03,-179.07,-0.108,-109.105,12.0,0.0,2.0
85,5,DRAW,PEN_DOWN,-14.098,449.389,290.228,-179.07,-0.108,-109.105,12.0,0.0,2.0
86,5,DRAW,PEN_DOWN,-13.529,450.171,290.408,-179.07,-0.108,-109.105,12.0,0.0,2.0
87,5,DRAW,PEN_DOWN,-12.789,450.825,290.563,-179.07,-0.108,-109.105,12.0,0.0,2.0
88,5,DRAW,PEN_DOWN,-12.042,451.471,290.713,-179.07,-0.108,-109.105,12.0,0.0,2.0
89,5,DRAW,PEN_DOWN,-11.184,451.98,290.786,-179.07,-0.108,-109.105,12.0,0.0,2.0
90,5,DRAW,PEN_DOWN,-10.326,452.489,290.86,-179.07,-0.108,-109.105,12.0,0.0,2.0
91,5,DRAW,PEN_DOWN,-9.45,452.96,290.885,-179.07,-0.108,-109.105,12.0,0.0,2.0
92,5,DRAW,PEN_DOWN,-8.531,453.344,290.8,-179.07,-0.108,-109.105,12.0,0.0,2.0
93,5,DRAW,PEN_DOWN,-7.612,453.728,290.715,-179.07,-0.108,-109.105,12.0,0.0,2.0
94,5,DRAW,PEN_DOWN,-6.802,454.268,290.58,-179.07,-0.108,-109.105,12.0,0.0,2.0
95,5,DRAW,PEN_DOWN,-6.089,454.945,290.4,-179.07,-0.108,-109.105,12.0,0.0,2.0
96,5,DRAW,PEN_DOWN,-5.486,455.693,290.221,-179.07,-0.108,-109.105,12.0,0.0,2.0
97,5,DRAW,PEN_DOWN,-5.177,456.627,290.041,-179.07,-0.108,-109.105,12.0,0.0,2.0
98,5,DRAW,PEN_DOWN,-5.137,457.571,289.972,-179.07,-0.108,-109.105,12.0,0.0,2.0
99,5,DRAW,PEN_DOWN,-5.424,458.527,290.038,-179.07,-0.108,-109.105,12.0,0.0,2.0
100,5,DRAW,PEN_DOWN,-5.953,459.294,290.159,-179.07,-0.108,-109.105,12.0,0.0,2.0
101,5,DRAW,PEN_DOWN,-6.773,459.836,290.346,-179.07,-0.108,-109.105,12.0,0.0,2.0
102,5,DRAW,PEN_DOWN,-7.639,460.254,290.503,-179.07,-0.108,-109.105,12.0,0.0,2.0
103,5,DRAW,PEN_DOWN,-8.634,460.326,290.575,-179.07,-0.108,-109.105,12.0,0.0,2.0
104,5,DRAW,PEN_DOWN,-9.629,460.398,290.646,-179.07,-0.108,-109.105,12.0,0.0,2.0
105,5,DRAW,PEN_DOWN,-10.57,460.173,290.626,-179.07,-0.108,-109.105,12.0,0.0,2.0
106,5,DRAW,PEN_DOWN,-11.477,459.759,290.547,-179.07,-0.108,-109.105,12.0,0.0,2.0
107,5,DRAW,PEN_DOWN,-12.384,459.344,290.468,-179.07,-0.108,-109.105,12.0,0.0,2.0
108,5,DRAW,PEN_DOWN,-13.033,458.641,290.289,-179.07,-0.108,-109.105,12.0,0.0,2.0
109,5,DRAW,PEN_DOWN,-13.599,457.844,290.078,-179.07,-0.108,-109.105,12.0,0.0,2.0
110,5,DRAW,PEN_DOWN,-14.166,457.048,289.867,-179.07,-0.108,-109.105,12.0,0.0,2.0
111,5,DRAW,PEN_DOWN,-14.332,456.814,289.805,-179.07,-0.108,-109.105,12.0,0.0,0.0
112,5,LIFT,PEN_TRANSITION,-14.332,456.814,371.442,-179.07,-0.108,-109.105,18.0,0.0,0.0
113,6,APPROACH,PEN_UP,-14.536,464.141,371.442,-179.07,-0.108,-109.105,18.0,0.0,0.0
114,6,LIFT,PEN_TRANSITION,-14.536,464.141,291.508,-179.07,-0.108,-109.105,18.0,0.0,0.0
115,6,DRAW,PEN_DOWN,-14.536,464.141,291.508,-179.07,-0.108,-109.105,12.0,0.0,2.0
116,6,DRAW,PEN_DOWN,-13.863,464.865,291.358,-179.07,-0.108,-109.105,12.0,0.0,2.0
117,6,DRAW,PEN_DOWN,-13.189,465.589,291.209,-179.07,-0.108,-109.105,12.0,0.0,2.0
118,6,DRAW,PEN_DOWN,-12.516,466.313,291.059,-179.07,-0.108,-109.105,12.0,0.0,2.0
119,6,DRAW,PEN_DOWN,-11.842,467.037,290.91,-179.07,-0.108,-109.105,12.0,0.0,2.0
120,6,DRAW,PEN_DOWN,-11.155,467.739,290.763,-179.07,-0.108,-109.105,12.0,0.0,2.0
121,6,DRAW,PEN_DOWN,-10.187,467.978,290.685,-179.07,-0.108,-109.105,12.0,0.0,2.0
122,6,DRAW,PEN_DOWN,-9.219,468.217,290.608,-179.07,-0.108,-109.105,12.0,0.0,2.0
123,6,DRAW,PEN_DOWN,-8.251,468.456,290.53,-179.07,-0.108,-109.105,12.0,0.0,2.0
124,6,DRAW,PEN_DOWN,-7.458,467.916,290.639,-179.07,-0.108,-109.105,12.0,0.0,2.0
125,6,DRAW,PEN_DOWN,-6.683,467.297,290.766,-179.07,-0.108,-109.105,12.0,0.0,2.0
126,6,DRAW,PEN_DOWN,-5.91,466.676,290.896,-179.07,-0.108,-109.105,12.0,0.0,2.0
127,6,DRAW,PEN_DOWN,-5.21,465.989,291.09,-179.07,-0.108,-109.105,12.0,0.0,2.0
128,6,DRAW,PEN_DOWN,-4.51,465.302,291.284,-179.07,-0.108,-109.105,12.0,0.0,2.0
129,6,DRAW,PEN_DOWN,-3.809,464.615,291.478,-179.07,-0.108,-109.105,12.0,0.0,2.0
130,6,DRAW,PEN_DOWN,-3.32,464.136,291.614,-179.07,-0.108,-109.105,12.0,0.0,0.0
131,6,LIFT,PEN_TRANSITION,-3.32,464.136,371.442,-179.07,-0.108,-109.105,18.0,0.0,0.0
132,7,APPROACH,PEN_UP,1.047,459.312,371.442,-179.07,-0.108,-109.105,18.0,0.0,0.0
133,7,LIFT,PEN_TRANSITION,1.047,459.312,291.201,-179.07,-0.108,-109.105,18.0,0.0,0.0
134,7,DRAW,PEN_DOWN,1.047,459.312,291.201,-179.07,-0.108,-109.105,12.0,0.0,2.0
135,7,DRAW,PEN_DOWN,2.002,459.41,290.922,-179.07,-0.108,-109.105,12.0,0.0,2.0
136,7,DRAW,PEN_DOWN,2.952,459.454,290.628,-179.07,-0.108,-109.105,12.0,0.0,2.0
137,7,DRAW,PEN_DOWN,3.884,459.329,290.287,-179.07,-0.108,-109.105,12.0,0.0,2.0
138,7,DRAW,PEN_DOWN,4.641,458.81,289.961,-179.07,-0.108,-109.105,12.0,0.0,2.0
139,7,DRAW,PEN_DOWN,5.135,458.018,289.756,-179.07,-0.108,-109.105,12.0,0.0,2.0
140,7,DRAW,PEN_DOWN,5.355,457.27,289.688,-179.07,-0.108,-109.105,12.0,0.0,0.0
141,7,LIFT,PEN_TRANSITION,5.355,457.27,371.442,-179.07,-0.108,-109.105,18.0,0.0,0.0
142,8,APPROACH,PEN_UP,-4.753,454.355,371.442,-179.07,-0.108,-109.105,18.0,0.0,0.0
143,8,LIFT,PEN_TRANSITION,-4.753,454.355,289.753,-179.07,-0.108,-109.105,18.0,0.0,0.0
144,8,DRAW,PEN_DOWN,-4.753,454.355,289.753,-179.07,-0.108,-109.105,12.0,0.0,2.0
145,8,DRAW,PEN_DOWN,-4.866,453.366,289.846,-179.07,-0.108,-109.105,12.0,0.0,2.0
146,8,DRAW,PEN_DOWN,-4.979,452.377,289.939,-179.07,-0.108,-109.105,12.0,0.0,2.0
147,8,DRAW,PEN_DOWN,-5.092,451.388,290.032,-179.07,-0.108,-109.105,12.0,0.0,2.0
148,8,DRAW,PEN_DOWN,-5.204,450.399,290.125,-179.07,-0.108,-109.105,12.0,0.0,2.0
149,8,DRAW,PEN_DOWN,-5.317,449.41,290.218,-179.07,-0.108,-109.105,12.0,0.0,2.0
150,8,DRAW,PEN_DOWN,-5.532,448.45,290.309,-179.07,-0.108,-109.105,12.0,0.0,2.0
151,8,DRAW,PEN_DOWN,-5.964,447.552,290.396,-179.07,-0.108,-109.105,12.0,0.0,2.0
152,8,DRAW,PEN_DOWN,-6.396,446.654,290.483,-179.07,-0.108,-109.105,12.0,0.0,2.0
153,8,DRAW,PEN_DOWN,-6.828,445.756,290.57,-179.07,-0.108,-109.105,12.0,0.0,2.0
154,8,DRAW,PEN_DOWN,-7.47,445.084,290.637,-179.07,-0.108,-109.105,12.0,0.0,2.0
155,8,DRAW,PEN_DOWN,-8.401,444.722,290.675,-179.07,-0.108,-109.105,12.0,0.0,2.0
156,8,DRAW,PEN_DOWN,-9.334,444.367,290.701,-179.07,-0.108,-109.105,12.0,0.0,2.0
157,8,DRAW,PEN_DOWN,-10.289,444.112,290.551,-179.07,-0.108,-109.105,12.0,0.0,2.0
158,8,DRAW,PEN_DOWN,-11.244,443.856,290.401,-179.07,-0.108,-109.105,12.0,0.0,2.0
159,8,DRAW,PEN_DOWN,-12.21,443.871,290.202,-179.07,-0.108,-109.105,12.0,0.0,2.0
160,8,DRAW,PEN_DOWN,-13.18,443.982,289.987,-179.07,-0.108,-109.105,12.0,0.0,2.0
161,8,DRAW,PEN_DOWN,-13.211,443.985,289.98,-179.07,-0.108,-109.105,12.0,0.0,0.0
162,8,LIFT,PEN_TRANSITION,-13.211,443.985,371.442,-179.07,-0.108,-109.105,18.0,0.0,0.0
163,9,APPROACH,PEN_UP,-4.737,445.955,371.442,-179.07,-0.108,-109.105,18.0,0.0,0.0
164,9,LIFT,PEN_TRANSITION,-4.737,445.955,289.668,-179.07,-0.108,-109.105,18.0,0.0,0.0
165,9,DRAW,PEN_DOWN,-4.737,445.955,289.668,-179.07,-0.108,-109.105,12.0,0.0,2.0
166,9,DRAW,PEN_DOWN,-4.235,445.103,289.817,-179.07,-0.108,-109.105,12.0,0.0,2.0
167,9,DRAW,PEN_DOWN,-3.562,444.485,290.062,-179.07,-0.108,-109.105,12.0,0.0,2.0
168,9,DRAW,PEN_DOWN,-2.697,444.218,290.413,-179.07,-0.108,-109.105,12.0,0.0,2.0
169,9,DRAW,PEN_DOWN,-1.855,444.645,290.744,-179.07,-0.108,-109.105,12.0,0.0,2.0
170,9,DRAW,PEN_DOWN,-1.066,445.167,291.028,-179.07,-0.108,-109.105,12.0,0.0,2.0
171,9,DRAW,PEN_DOWN,-0.363,445.848,291.236,-179.07,-0.108,-109.105,12.0,0.0,2.0
172,9,DRAW,PEN_DOWN,0.145,446.34,291.386,-179.07,-0.108,-109.105,12.0,0.0,0.0
173,9,LIFT,PEN_TRANSITION,0.145,446.34,371.442,-179.07,-0.108,-109.105,18.0,0.0,0.0
174,10,APPROACH,PEN_UP,1.183,442.966,371.442,-179.07,-0.108,-109.105,18.0,0.0,0.0
175,10,LIFT,PEN_TRANSITION,1.183,442.966,291.294,-179.07,-0.108,-109.105,18.0,0.0,0.0
176,10,DRAW,PEN_DOWN,1.183,442.966,291.294,-179.07,-0.108,-109.105,12.0,0.0,2.0
177,10,DRAW,PEN_DOWN,2.117,443.24,291.066,-179.07,-0.108,-109.105,12.0,0.0,2.0
178,10,DRAW,PEN_DOWN,3.051,443.513,290.838,-179.07,-0.108,-109.105,12.0,0.0,2.0
179,10,DRAW,PEN_DOWN,3.946,443.872,290.579,-179.07,-0.108,-109.105,12.0,0.0,2.0
180,10,DRAW,PEN_DOWN,4.826,444.262,290.309,-179.07,-0.108,-109.105,12.0,0.0,2.0
181,10,DRAW,PEN_DOWN,5.296,444.47,290.165,-179.07,-0.108,-109.105,12.0,0.0,0.0
182,10,LIFT,PEN_TRANSITION,5.296,444.47,371.442,-179.07,-0.108,-109.105,18.0,0.0,0.0
183,11,APPROACH,PEN_UP,9.674,442.972,371.442,-179.07,-0.108,-109.105,18.0,0.0,0.0
184,11,LIFT,PEN_TRANSITION,9.674,442.972,291.317,-179.07,-0.108,-109.105,18.0,0.0,0.0
185,11,DRAW,PEN_DOWN,9.674,442.972,291.317,-179.07,-0.108,-109.105,12.0,0.0,2.0
186,11,DRAW,PEN_DOWN,8.75,443.25,291.055,-179.07,-0.108,-109.105,12.0,0.0,2.0
187,11,DRAW,PEN_DOWN,7.826,443.528,290.793,-179.07,-0.108,-109.105,12.0,0.0,2.0
188,11,DRAW,PEN_DOWN,7.318,444.257,290.645,-179.07,-0.108,-109.105,12.0,0.0,2.0
189,11,DRAW,PEN_DOWN,7.011,445.204,290.551,-179.07,-0.108,-109.105,12.0,0.0,2.0
190,11,DRAW,PEN_DOWN,6.704,446.151,290.457,-179.07,-0.108,-109.105,12.0,0.0,2.0
191,11,DRAW,PEN_DOWN,6.397,447.098,290.363,-179.07,-0.108,-109.105,12.0,0.0,2.0
192,11,DRAW,PEN_DOWN,6.089,448.045,290.27,-179.07,-0.108,-109.105,12.0,0.0,2.0
193,11,DRAW,PEN_DOWN,5.957,449.034,290.219,-179.07,-0.108,-109.105,12.0,0.0,2.0
194,11,DRAW,PEN_DOWN,5.833,450.025,290.169,-179.07,-0.108,-109.105,12.0,0.0,2.0
195,11,DRAW,PEN_DOWN,5.709,451.016,290.12,-179.07,-0.108,-109.105,12.0,0.0,2.0
196,11,DRAW,PEN_DOWN,5.584,452.007,290.07,-179.07,-0.108,-109.105,12.0,0.0,2.0
197,11,DRAW,PEN_DOWN,5.544,452.996,290.07,-179.07,-0.108,-109.105,12.0,0.0,2.0
198,11,DRAW,PEN_DOWN,5.68,453.981,290.171,-179.07,-0.108,-109.105,12.0,0.0,2.0
199,11,DRAW,PEN_DOWN,5.817,454.966,290.273,-179.07,-0.108,-109.105,12.0,0.0,2.0
200,11,DRAW,PEN_DOWN,5.953,455.951,290.374,-179.07,-0.108,-109.105,12.0,0.0,2.0
201,11,DRAW,PEN_DOWN,6.09,456.936,290.476,-179.07,-0.108,-109.105,12.0,0.0,2.0
202,11,DRAW,PEN_DOWN,6.863,457.529,290.613,-179.07,-0.108,-109.105,12.0,0.0,2.0
203,11,DRAW,PEN_DOWN,7.672,458.1,290.753,-179.07,-0.108,-109.105,12.0,0.0,2.0
204,11,DRAW,PEN_DOWN,8.565,458.548,290.765,-179.07,-0.108,-109.105,12.0,0.0,2.0
205,11,DRAW,PEN_DOWN,9.461,458.993,290.773,-179.07,-0.108,-109.105,12.0,0.0,2.0
206,11,DRAW,PEN_DOWN,10.375,459.375,290.713,-179.07,-0.108,-109.105,12.0,0.0,2.0
207,11,DRAW,PEN_DOWN,11.32,459.657,290.545,-179.07,-0.108,-109.105,12.0,0.0,2.0
208,11,DRAW,PEN_DOWN,12.265,459.938,290.377,-179.07,-0.108,-109.105,12.0,0.0,2.0
209,11,DRAW,PEN_DOWN,13.196,459.765,290.211,-179.07,-0.108,-109.105,12.0,0.0,2.0
210,11,DRAW,PEN_DOWN,14.123,459.428,290.045,-179.07,-0.108,-109.105,12.0,0.0,2.0
211,11,DRAW,PEN_DOWN,14.655,458.725,289.957,-179.07,-0.108,-109.105,12.0,0.0,2.0
212,11,DRAW,PEN_DOWN,14.899,457.756,289.926,-179.07,-0.108,-109.105,12.0,0.0,2.0
213,11,DRAW,PEN_DOWN,15.143,456.787,289.895,-179.07,-0.108,-109.105,12.0,0.0,2.0
214,11,DRAW,PEN_DOWN,15.387,455.818,289.863,-179.07,-0.108,-109.105,12.0,0.0,2.0
215,11,DRAW,PEN_DOWN,15.631,454.849,289.832,-179.07,-0.108,-109.105,12.0,0.0,2.0
216,11,DRAW,PEN_DOWN,15.792,453.868,289.825,-179.07,-0.108,-109.105,12.0,0.0,2.0
217,11,DRAW,PEN_DOWN,15.831,452.869,289.854,-179.07,-0.108,-109.105,12.0,0.0,2.0
218,11,DRAW,PEN_DOWN,15.87,451.87,289.883,-179.07,-0.108,-109.105,12.0,0.0,2.0
219,11,DRAW,PEN_DOWN,15.909,450.871,289.913,-179.07,-0.108,-109.105,12.0,0.0,2.0
220,11,DRAW,PEN_DOWN,15.949,449.872,289.942,-179.07,-0.108,-109.105,12.0,0.0,2.0
221,11,DRAW,PEN_DOWN,15.978,448.874,289.975,-179.07,-0.108,-109.105,12.0,0.0,2.0
222,11,DRAW,PEN_DOWN,15.835,447.889,290.066,-179.07,-0.108,-109.105,12.0,0.0,2.0
223,11,DRAW,PEN_DOWN,15.692,446.904,290.157,-179.07,-0.108,-109.105,12.0,0.0,2.0
224,11,DRAW,PEN_DOWN,15.548,445.919,290.248,-179.07,-0.108,-109.105,12.0,0.0,2.0
225,11,DRAW,PEN_DOWN,15.405,444.934,290.339,-179.07,-0.108,-109.105,12.0,0.0,2.0
226,11,DRAW,PEN_DOWN,15.14,444.039,290.465,-179.07,-0.108,-109.105,12.0,0.0,2.0
227,11,DRAW,PEN_DOWN,14.308,443.565,290.754,-179.07,-0.108,-109.105,12.0,0.0,2.0
228,11,DRAW,PEN_DOWN,13.421,443.22,291.014,-179.07,-0.108,-109.105,12.0,0.0,2.0
229,11,DRAW,PEN_DOWN,12.462,443.042,291.235,-179.07,-0.108,-109.105,12.0,0.0,2.0
230,11,DRAW,PEN_DOWN,12.086,442.972,291.322,-179.07,-0.108,-109.105,12.0,0.0,0.0
231,11,LIFT,PEN_TRANSITION,12.086,442.972,371.442,-179.07,-0.108,-109.105,18.0,0.0,0.0
232,12,APPROACH,PEN_UP,16.445,444.453,371.442,-179.07,-0.108,-109.105,18.0,0.0,0.0
233,12,LIFT,PEN_TRANSITION,16.445,444.453,289.912,-179.07,-0.108,-109.105,18.0,0.0,0.0
234,12,DRAW,PEN_DOWN,16.445,444.453,289.912,-179.07,-0.108,-109.105,12.0,0.0,2.0
235,12,DRAW,PEN_DOWN,17.313,444.083,290.242,-179.07,-0.108,-109.105,12.0,0.0,2.0
236,12,DRAW,PEN_DOWN,18.181,443.713,290.572,-179.07,-0.108,-109.105,12.0,0.0,2.0
237,12,DRAW,PEN_DOWN,19.081,443.399,290.865,-179.07,-0.108,-109.105,12.0,0.0,2.0
238,12,DRAW,PEN_DOWN,20.011,443.136,291.123,-179.07,-0.108,-109.105,12.0,0.0,2.0
239,12,DRAW,PEN_DOWN,20.574,442.977,291.279,-179.07,-0.108,-109.105,12.0,0.0,0.0
240,12,LIFT,PEN_TRANSITION,20.574,442.977,371.442,-179.07,-0.108,-109.105,18.0,0.0,0.0
241,13,APPROACH,PEN_UP,-2.912,477.919,371.442,-179.07,-0.108,-109.105,18.0,0.0,0.0
242,13,LIFT,PEN_TRANSITION,-2.912,477.919,291.285,-179.07,-0.108,-109.105,18.0,0.0,0.0
243,13,DRAW,PEN_DOWN,-2.912,477.919,291.285,-179.07,-0.108,-109.105,12.0,0.0,2.0
244,13,DRAW,PEN_DOWN,-3.428,477.08,291.11,-179.07,-0.108,-109.105,12.0,0.0,2.0
245,13,DRAW,PEN_DOWN,-3.944,476.242,290.935,-179.07,-0.108,-109.105,12.0,0.0,2.0
246,13,DRAW,PEN_DOWN,-4.638,475.588,290.732,-179.07,-0.108,-109.105,12.0,0.0,2.0
247,13,DRAW,PEN_DOWN,-5.466,475.074,290.508,-179.07,-0.108,-109.105,12.0,0.0,2.0
248,13,DRAW,PEN_DOWN,-6.382,474.957,290.337,-179.07,-0.108,-109.105,12.0,0.0,2.0
249,13,DRAW,PEN_DOWN,-7.359,475.119,290.202,-179.07,-0.108,-109.105,12.0,0.0,2.0
250,13,DRAW,PEN_DOWN,-8.332,475.303,290.085,-179.07,-0.108,-109.105,12.0,0.0,2.0
251,13,DRAW,PEN_DOWN,-9.269,475.651,290.106,-179.07,-0.108,-109.105,12.0,0.0,2.0
252,13,DRAW,PEN_DOWN,-10.206,475.999,290.126,-179.07,-0.108,-109.105,12.0,0.0,2.0
253,13,DRAW,PEN_DOWN,-11.171,476.193,290.238,-179.07,-0.108,-109.105,12.0,0.0,2.0
254,13,DRAW,PEN_DOWN,-12.152,476.297,290.403,-179.07,-0.108,-109.105,12.0,0.0,2.0
255,13,DRAW,PEN_DOWN,-13.062,476.167,290.591,-179.07,-0.108,-109.105,12.0,0.0,2.0
256,13,DRAW,PEN_DOWN,-13.829,475.57,290.824,-179.07,-0.108,-109.105,12.0,0.0,2.0
257,13,DRAW,PEN_DOWN,-14.44,474.834,291.021,-179.07,-0.108,-109.105,12.0,0.0,2.0
258,13,DRAW,PEN_DOWN,-14.891,473.956,291.181,-179.07,-0.108,-109.105,12.0,0.0,2.0
259,13,DRAW,PEN_DOWN,-15.214,473.329,291.295,-179.07,-0.108,-109.105,12.0,0.0,0.0
260,13,LIFT,PEN_TRANSITION,-15.214,473.329,371.442,-179.07,-0.108,-109.105,18.0,0.0,0.0
261,14,APPROACH,PEN_UP,-38.339,469.076,371.442,-179.07,-0.108,-109.105,18.0,0.0,0.0
262,14,LIFT,PEN_TRANSITION,-38.339,469.076,291.214,-179.07,-0.108,-109.105,18.0,0.0,0.0
263,14,DRAW,PEN_DOWN,-38.339,469.076,291.214,-179.07,-0.108,-109.105,12.0,0.0,2.0
264,14,DRAW,PEN_DOWN,-37.391,469.045,290.898,-179.07,-0.108,-109.105,12.0,0.0,2.0
265,14,DRAW,PEN_DOWN,-36.443,469.014,290.581,-179.07,-0.108,-109.105,12.0,0.0,2.0
266,14,DRAW,PEN_DOWN,-35.867,468.426,290.39,-179.07,-0.108,-109.105,12.0,0.0,2.0
267,14,DRAW,PEN_DOWN,-35.52,467.495,290.275,-179.07,-0.108,-109.105,12.0,0.0,2.0
268,14,DRAW,PEN_DOWN,-35.173,466.564,290.159,-179.07,-0.108,-109.105,12.0,0.0,2.0
269,14,DRAW,PEN_DOWN,-34.826,465.633,290.044,-179.07,-0.108,-109.105,12.0,0.0,2.0
270,14,DRAW,PEN_DOWN,-34.584,464.676,289.964,-179.07,-0.108,-109.105,12.0,0.0,2.0
271,14,DRAW,PEN_DOWN,-34.498,463.68,289.936,-179.07,-0.108,-109.105,12.0,0.0,2.0
272,14,DRAW,PEN_DOWN,-34.413,462.684,289.908,-179.07,-0.108,-109.105,12.0,0.0,2.0
273,14,DRAW,PEN_DOWN,-34.327,461.688,289.88,-179.07,-0.108,-109.105,12.0,0.0,2.0
274,14,DRAW,PEN_DOWN,-34.242,460.692,289.852,-179.07,-0.108,-109.105,12.0,0.0,2.0
275,14,DRAW,PEN_DOWN,-34.156,459.696,289.824,-179.07,-0.108,-109.105,12.0,0.0,2.0
276,14,DRAW,PEN_DOWN,-34.071,458.7,289.796,-179.07,-0.108,-109.105,12.0,0.0,2.0
277,14,DRAW,PEN_DOWN,-33.985,457.704,289.768,-179.07,-0.108,-109.105,12.0,0.0,2.0
278,14,DRAW,PEN_DOWN,-33.951,457.304,289.757,-179.07,-0.108,-109.105,12.0,0.0,0.0
279,14,LIFT,PEN_TRANSITION,-33.951,457.304,371.442,-179.07,-0.108,-109.105,18.0,0.0,0.0
280,15,APPROACH,PEN_UP,-40.094,469.858,371.442,-179.07,-0.108,-109.105,18.0,0.0,0.0
281,15,LIFT,PEN_TRANSITION,-40.094,469.858,291.312,-179.07,-0.108,-109.105,18.0,0.0,0.0
282,15,DRAW,PEN_DOWN,-40.094,469.858,291.312,-179.07,-0.108,-109.105,12.0,0.0,2.0
283,15,DRAW,PEN_DOWN,-41.064,469.687,291.141,-179.07,-0.108,-109.105,12.0,0.0,2.0
284,15,DRAW,PEN_DOWN,-42.034,469.516,290.97,-179.07,-0.108,-109.105,12.0,0.0,2.0
285,15,DRAW,PEN_DOWN,-42.984,469.285,290.768,-179.07,-0.108,-109.105,12.0,0.0,2.0
286,15,DRAW,PEN_DOWN,-43.923,469.02,290.548,-179.07,-0.108,-109.105,12.0,0.0,2.0
287,15,DRAW,PEN_DOWN,-44.527,468.849,290.406,-179.07,-0.108,-109.105,12.0,0.0,0.0
288,15,LIFT,PEN_TRANSITION,-44.527,468.849,371.442,-179.07,-0.108,-109.105,18.0,0.0,0.0
289,16,APPROACH,PEN_UP,-48.956,469.858,371.442,-179.07,-0.108,-109.105,18.0,0.0,0.0
290,16,LIFT,PEN_TRANSITION,-48.956,469.858,291.304,-179.07,-0.108,-109.105,18.0,0.0,0.0
291,16,DRAW,PEN_DOWN,-48.956,469.858,291.304,-179.07,-0.108,-109.105,12.0,0.0,2.0
292,16,DRAW,PEN_DOWN,-48.0,469.619,291.133,-179.07,-0.108,-109.105,12.0,0.0,2.0
293,16,DRAW,PEN_DOWN,-47.044,469.38,290.961,-179.07,-0.108,-109.105,12.0,0.0,2.0
294,16,DRAW,PEN_DOWN,-46.381,468.853,290.844,-179.07,-0.108,-109.105,12.0,0.0,2.0
295,16,DRAW,PEN_DOWN,-46.173,467.875,290.81,-179.07,-0.108,-109.105,12.0,0.0,2.0
296,16,DRAW,PEN_DOWN,-45.965,466.897,290.777,-179.07,-0.108,-109.105,12.0,0.0,2.0
297,16,DRAW,PEN_DOWN,-45.757,465.919,290.743,-179.07,-0.108,-109.105,12.0,0.0,2.0
298,16,DRAW,PEN_DOWN,-45.549,464.941,290.71,-179.07,-0.108,-109.105,12.0,0.0,2.0
299,16,DRAW,PEN_DOWN,-45.341,463.963,290.676,-179.07,-0.108,-109.105,12.0,0.0,2.0
300,16,DRAW,PEN_DOWN,-45.133,462.985,290.643,-179.07,-0.108,-109.105,12.0,0.0,2.0
301,16,DRAW,PEN_DOWN,-44.995,462.0,290.6,-179.07,-0.108,-109.105,12.0,0.0,2.0
302,16,DRAW,PEN_DOWN,-44.988,461.002,290.541,-179.07,-0.108,-109.105,12.0,0.0,2.0
303,16,DRAW,PEN_DOWN,-44.981,460.004,290.481,-179.07,-0.108,-109.105,12.0,0.0,2.0
304,16,DRAW,PEN_DOWN,-44.974,459.006,290.422,-179.07,-0.108,-109.105,12.0,0.0,2.0
305,16,DRAW,PEN_DOWN,-44.967,458.008,290.362,-179.07,-0.108,-109.105,12.0,0.0,2.0
306,16,DRAW,PEN_DOWN,-44.96,457.01,290.303,-179.07,-0.108,-109.105,12.0,0.0,2.0
307,16,DRAW,PEN_DOWN,-44.953,456.012,290.243,-179.07,-0.108,-109.105,12.0,0.0,2.0
308,16,DRAW,PEN_DOWN,-44.949,455.014,290.184,-179.07,-0.108,-109.105,12.0,0.0,2.0
309,16,DRAW,PEN_DOWN,-45.055,454.021,290.136,-179.07,-0.108,-109.105,12.0,0.0,2.0
310,16,DRAW,PEN_DOWN,-45.16,453.028,290.088,-179.07,-0.108,-109.105,12.0,0.0,2.0
311,16,DRAW,PEN_DOWN,-45.266,452.035,290.04,-179.07,-0.108,-109.105,12.0,0.0,2.0
312,16,DRAW,PEN_DOWN,-45.371,451.042,289.991,-179.07,-0.108,-109.105,12.0,0.0,2.0
313,16,DRAW,PEN_DOWN,-45.477,450.049,289.943,-179.07,-0.108,-109.105,12.0,0.0,2.0
314,16,DRAW,PEN_DOWN,-45.582,449.056,289.894,-179.07,-0.108,-109.105,12.0,0.0,2.0
315,16,DRAW,PEN_DOWN,-45.817,448.427,289.845,-179.07,-0.108,-109.105,12.0,0.0,2.0
316,16,DRAW,PEN_DOWN,-46.525,449.132,289.796,-179.07,-0.108,-109.105,12.0,0.0,2.0
317,16,DRAW,PEN_DOWN,-47.233,449.837,289.747,-179.07,-0.108,-109.105,12.0,0.0,2.0
318,16,DRAW,PEN_DOWN,-47.941,450.541,289.698,-179.07,-0.108,-109.105,12.0,0.0,2.0
319,16,DRAW,PEN_DOWN,-48.649,451.246,289.649,-179.07,-0.108,-109.105,12.0,0.0,2.0
320,16,DRAW,PEN_DOWN,-49.357,451.95,289.599,-179.07,-0.108,-109.105,12.0,0.0,2.0
321,16,DRAW,PEN_DOWN,-50.065,452.655,289.55,-179.07,-0.108,-109.105,12.0,0.0,2.0
322,16,DRAW,PEN_DOWN,-50.773,453.359,289.5,-179.07,-0.108,-109.105,12.0,0.0,2.0
323,16,DRAW,PEN_DOWN,-51.466,454.078,289.47,-179.07,-0.108,-109.105,12.0,0.0,2.0
324,16,DRAW,PEN_DOWN,-52.132,454.824,289.477,-179.07,-0.108,-109.105,12.0,0.0,2.0
325,16,DRAW,PEN_DOWN,-52.798,455.57,289.484,-179.07,-0.108,-109.105,12.0,0.0,2.0
326,16,DRAW,PEN_DOWN,-53.464,456.316,289.491,-179.07,-0.108,-109.105,12.0,0.0,2.0
327,16,DRAW,PEN_DOWN,-54.129,457.062,289.497,-179.07,-0.108,-109.105,12.0,0.0,2.0
328,16,DRAW,PEN_DOWN,-54.794,457.808,289.504,-179.07,-0.108,-109.105,12.0,0.0,2.0
329,16,DRAW,PEN_DOWN,-55.46,458.554,289.51,-179.07,-0.108,-109.105,12.0,0.0,2.0
330,16,DRAW,PEN_DOWN,-56.125,459.301,289.517,-179.07,-0.108,-109.105,12.0,0.0,2.0
331,16,DRAW,PEN_DOWN,-56.791,460.047,289.523,-179.07,-0.108,-109.105,12.0,0.0,2.0
332,16,DRAW,PEN_DOWN,-57.49,460.761,289.566,-179.07,-0.108,-109.105,12.0,0.0,2.0
333,16,DRAW,PEN_DOWN,-58.189,461.475,289.609,-179.07,-0.108,-109.105,12.0,0.0,2.0
334,16,DRAW,PEN_DOWN,-58.888,462.189,289.652,-179.07,-0.108,-109.105,12.0,0.0,2.0
335,16,DRAW,PEN_DOWN,-59.587,462.903,289.695,-179.07,-0.108,-109.105,12.0,0.0,2.0
336,16,DRAW,PEN_DOWN,-60.286,463.617,289.738,-179.07,-0.108,-109.105,12.0,0.0,2.0
337,16,DRAW,PEN_DOWN,-60.985,464.331,289.781,-179.07,-0.108,-109.105,12.0,0.0,2.0
338,16,DRAW,PEN_DOWN,-61.683,465.045,289.824,-179.07,-0.108,-109.105,12.0,0.0,2.0
339,16,DRAW,PEN_DOWN,-62.33,465.615,289.868,-179.07,-0.108,-109.105,12.0,0.0,2.0
340,16,DRAW,PEN_DOWN,-62.429,464.621,289.912,-179.07,-0.108,-109.105,12.0,0.0,2.0
341,16,DRAW,PEN_DOWN,-62.528,463.627,289.956,-179.07,-0.108,-109.105,12.0,0.0,2.0
342,16,DRAW,PEN_DOWN,-62.627,462.633,290.001,-179.07,-0.108,-109.105,12.0,0.0,2.0
343,16,DRAW,PEN_DOWN,-62.726,461.639,290.045,-179.07,-0.108,-109.105,12.0,0.0,2.0
344,16,DRAW,PEN_DOWN,-62.825,460.645,290.09,-179.07,-0.108,-109.105,12.0,0.0,2.0
345,16,DRAW,PEN_DOWN,-62.925,459.651,290.134,-179.07,-0.108,-109.105,12.0,0.0,2.0
346,16,DRAW,PEN_DOWN,-63.024,458.657,290.179,-179.07,-0.108,-109.105,12.0,0.0,2.0
347,16,DRAW,PEN_DOWN,-63.027,457.659,290.23,-179.07,-0.108,-109.105,12.0,0.0,2.0
348,16,DRAW,PEN_DOWN,-63.011,456.66,290.282,-179.07,-0.108,-109.105,12.0,0.0,2.0
349,16,DRAW,PEN_DOWN,-62.995,455.661,290.334,-179.07,-0.108,-109.105,12.0,0.0,2.0
350,16,DRAW,PEN_DOWN,-62.979,454.662,290.386,-179.07,-0.108,-109.105,12.0,0.0,2.0
351,16,DRAW,PEN_DOWN,-62.964,453.664,290.439,-179.07,-0.108,-109.105,12.0,0.0,2.0
352,16,DRAW,PEN_DOWN,-62.948,452.665,290.491,-179.07,-0.108,-109.105,12.0,0.0,2.0
353,16,DRAW,PEN_DOWN,-62.933,451.667,290.544,-179.07,-0.108,-109.105,12.0,0.0,2.0
354,16,DRAW,PEN_DOWN,-62.884,450.672,290.593,-179.07,-0.108,-109.105,12.0,0.0,2.0
355,16,DRAW,PEN_DOWN,-62.695,449.691,290.629,-179.07,-0.108,-109.105,12.0,0.0,2.0
356,16,DRAW,PEN_DOWN,-62.506,448.71,290.665,-179.07,-0.108,-109.105,12.0,0.0,2.0
357,16,DRAW,PEN_DOWN,-62.317,447.729,290.701,-179.07,-0.108,-109.105,12.0,0.0,2.0
358,16,DRAW,PEN_DOWN,-62.127,446.748,290.737,-179.07,-0.108,-109.105,12.0,0.0,2.0
359,16,DRAW,PEN_DOWN,-61.938,445.767,290.773,-179.07,-0.108,-109.105,12.0,0.0,2.0
360,16,DRAW,PEN_DOWN,-61.748,444.786,290.809,-179.07,-0.108,-109.105,12.0,0.0,2.0
361,16,DRAW,PEN_DOWN,-61.559,443.805,290.846,-179.07,-0.108,-109.105,12.0,0.0,2.0
362,16,DRAW,PEN_DOWN,-60.831,443.362,290.971,-179.07,-0.108,-109.105,12.0,0.0,2.0
363,16,DRAW,PEN_DOWN,-59.866,443.156,291.135,-179.07,-0.108,-109.105,12.0,0.0,2.0
364,16,DRAW,PEN_DOWN,-59.043,442.98,291.275,-179.07,-0.108,-109.105,12.0,0.0,0.0
365,16,LIFT,PEN_TRANSITION,-59.043,442.98,371.442,-179.07,-0.108,-109.105,18.0,0.0,0.0
366,17,APPROACH,PEN_UP,-63.479,443.984,371.442,-179.07,-0.108,-109.105,18.0,0.0,0.0
367,17,LIFT,PEN_TRANSITION,-63.479,443.984,290.364,-179.07,-0.108,-109.105,18.0,0.0,0.0
368,17,DRAW,PEN_DOWN,-63.479,443.984,290.364,-179.07,-0.108,-109.105,12.0,0.0,2.0
369,17,DRAW,PEN_DOWN,-64.416,443.721,290.592,-179.07,-0.108,-109.105,12.0,0.0,2.0
370,17,DRAW,PEN_DOWN,-65.354,443.458,290.82,-179.07,-0.108,-109.105,12.0,0.0,2.0
371,17,DRAW,PEN_DOWN,-66.317,443.265,291.001,-179.07,-0.108,-109.105,12.0,0.0,2.0
372,17,DRAW,PEN_DOWN,-67.287,443.09,291.17,-179.07,-0.108,-109.105,12.0,0.0,2.0
373,17,DRAW,PEN_DOWN,-67.905,442.979,291.278,-179.07,-0.108,-109.105,12.0,0.0,0.0
374,17,LIFT,PEN_TRANSITION,-67.905,442.979,371.442,-179.07,-0.108,-109.105,18.0,0.0,0.0
375,18,APPROACH,PEN_UP,-62.154,466.538,371.442,-179.07,-0.108,-109.105,18.0,0.0,0.0
376,18,LIFT,PEN_TRANSITION,-62.154,466.538,289.347,-179.07,-0.108,-109.105,18.0,0.0,0.0
377,18,DRAW,PEN_DOWN,-62.154,466.538,289.347,-179.07,-0.108,-109.105,12.0,0.0,2.0
378,18,DRAW,PEN_DOWN,-62.921,467.129,289.597,-179.07,-0.108,-109.105,12.0,0.0,2.0
379,18,DRAW,PEN_DOWN,-63.688,467.72,289.848,-179.07,-0.108,-109.105,12.0,0.0,2.0
380,18,DRAW,PEN_DOWN,-64.474,468.281,290.096,-179.07,-0.108,-109.105,12.0,0.0,2.0
381,18,DRAW,PEN_DOWN,-65.358,468.684,290.332,-179.07,-0.108,-109.105,12.0,0.0,2.0
382,18,DRAW,PEN_DOWN,-66.242,469.087,290.569,-179.07,-0.108,-109.105,12.0,0.0,2.0
383,18,DRAW,PEN_DOWN,-67.158,469.401,290.794,-179.07,-0.108,-109.105,12.0,0.0,2.0
384,18,DRAW,PEN_DOWN,-68.117,469.593,291.004,-179.07,-0.108,-109.105,12.0,0.0,2.0
385,18,DRAW,PEN_DOWN,-69.076,469.784,291.214,-179.07,-0.108,-109.105,12.0,0.0,2.0
386,18,DRAW,PEN_DOWN,-69.426,469.854,291.29,-179.07,-0.108,-109.105,12.0,0.0,0.0
387,18,LIFT,PEN_TRANSITION,-69.426,469.854,371.442,-179.07,-0.108,-109.105,18.0,0.0,0.0
